<tool_dependency>
    <set_environment version="1.0">
        <environment_variable name="TWISTDNA_SCRIPT_PATH" action="set_to">$REPOSITORY_INSTALL_DIR</environment_variable>
    </set_environment>
    <package name="twistdna" version="1.1">
        <install version="1.0">
            <actions>
                <action type="download_by_url">http://www.cbp.ens-lyon.fr/lib/exe/fetch.php?media=developpement:productions:logiciels:twist-dna_1.1.tar.gz</action>
                <action type="shell_command">make </action>
                <action type="make_directory">$INSTALL_DIR/bin</action>
                <action type="move_file">
                    <source>TwistDNA</source>
                    <destination>$INSTALL_DIR/bin</destination>
                </action>
                <action type="set_environment">
                    <environment_variable name="PATH" action="prepend_to">$INSTALL_DIR/bin</environment_variable>
                </action>
            </actions>
        </install>
        <readme>Compiling TwistDNA requires a C compiler and gfortran (typically gcc)</readme>
    </package>
</tool_dependency>
